lista;Gruppo;ID frase;ID_Condizione;Cond;Bias di genere;Parola target;Corretto;rt_determinante;rt_nome;rt_verbo1;rt_pronome;rt_verbo2;q_words;Accordo v-v;Accordo sostantivo-sostantivo;Frase completa;RT_word_0;RT_word_1;RT_word_2;RT_word_3;RT_word_4;RT_word_5;RT_word_6;RT_word_7;RT_word_8;RT_word_9;RT_word_10;RT_word_11;RT_word_12;RT_word_13;RT_word_14;part;ID;eta;id_genero;nazionalita;residenza;lingua;educazione;occhiali;mail;tiempo_total
B;DG;103;gender55;g_masc;masc;idraulico;yes;2178.0;764.0;875.0;1059.0;1429.0;13.0;si;si;"Gli idraulici riparano la principale tubatura rotta; tutti ripristinano l' acqua corrente nell' intero edificio.";2178.0;764.0;875.0;896.0;1377.0;1300.0;2272.0;1059.0;1429.0;1256.0;842.0;904.0;855.0;867.0;869.0;1;1;33;F;Italia;xxx;italiano;laureata in beni culturali;Si;xxx;796088
B;DG;50;gender2;g_fem;fem;infermiere;yes;832.0;1578.0;1130.0;808.0;1083.0;14.0;si;si;"Le infermiere controllano i turni di guardia del giorno; tutte trovano degli errori madornali.";832.0;1578.0;1130.0;1057.0;926.0;1095.0;768.0;885.0;1200.0;808.0;1083.0;1016.0;2037.0;1370.0;;1;1;33;F;Italia;xxx;italiano;laureata in beni culturali;Si;xxx;796088
B;DG;53;gender5;g_masc;fem;bibliotecario;no;788.0;866.0;926.0;924.0;911.0;14.0;si;si;"I bibliotecari organizzano alfabeticamente i nuovi libri; tutti eseguono il lavoro in modo rigoroso.";788.0;866.0;926.0;2931.0;781.0;904.0;2275.0;924.0;911.0;755.0;776.0;1858.0;660.0;995.0;;1;1;33;F;Italia;xxx;italiano;laureata in beni culturali;Si;xxx;796088
B;DG;55;gender7;g_masc;fem;segretario;yes;728.0;1640.0;1192.0;1029.0;1377.0;13.0;no;no;"I segretari ricevono la documentazione ufficiale; tutti raccolgono le firme in ogni dipartimento.";728.0;1640.0;1192.0;828.0;1169.0;955.0;1029.0;1377.0;725.0;858.0;907.0;1524.0;2237.0;;;1;1;33;F;Italia;xxx;italiano;laureata in beni culturali;Si;xxx;796088
B;DG;60;gender12;g_fem;fem;psicologo;yes;664.0;1099.0;1648.0;1444.0;931.0;13.0;no;no;"Le psicologhe organizzano una seduta collettiva; tutte offrono consulenza gratuita negli ambulatori pubblici.";664.0;1099.0;1648.0;846.0;1236.0;1384.0;1444.0;931.0;1187.0;1039.0;2938.0;949.0;1446.0;;;1;1;33;F;Italia;xxx;italiano;laureata in beni culturali;Si;xxx;796088
B;DG;76;gender28;g_fem;fem;logopedista;yes;684.0;1561.0;869.0;1064.0;1194.0;13.0;no;no;"Le ginecologhe visitano le pazienti con le infermiere; tutte controllano la crescita fetale.";684.0;1561.0;869.0;1181.0;759.0;1154.0;842.0;1727.0;1064.0;1194.0;778.0;1566.0;1304.0;;;1;1;33;F;Italia;xxx;italiano;laureata in beni culturali;Si;xxx;796088
B;DG;77;gender29;g_masc;masc;camionista;no;715.0;797.0;1083.0;969.0;1039.0;15.0;si;si;"I giardinieri curano il parco pubblico; tutti potano gli alberi malati alla fine dell' inverno.";715.0;797.0;1083.0;891.0;635.0;1230.0;969.0;1039.0;1015.0;718.0;1005.0;1118.0;3395.0;859.0;1494.0;1;1;33;F;Italia;xxx;italiano;laureata in beni culturali;Si;xxx;796088
B;DG;80;gender32;g_fem;masc;fabbro;yes;781.0;3301.0;1302.0;1285.0;1547.0;14.0;no;no;"Le fabbre saldano la nuova rete metallica; tutte eseguono un lavoro di squadra eccellente.";781.0;3301.0;1302.0;1916.0;1616.0;1378.0;1137.0;1285.0;1547.0;1173.0;1271.0;1155.0;1093.0;1125.0;;1;1;33;F;Italia;xxx;italiano;laureata in beni culturali;Si;xxx;796088
B;DG;86;gender38;g_fem;masc;pompiere;no;571.0;754.0;1456.0;816.0;708.0;14.0;si;si;"Le becchine preparano la salma per la sepoltura; tutte aspettano in un rigoroso silenzio.";571.0;754.0;1456.0;1148.0;1501.0;717.0;589.0;897.0;816.0;708.0;1502.0;1514.0;1782.0;1046.0;;1;1;33;F;Italia;xxx;italiano;laureata in beni culturali;Si;xxx;796088
B;DG;87;gender39;g_masc;masc;meccanico;yes;941.0;2086.0;1564.0;1804.0;1269.0;13.0;no;no;"I meccanici riparano il motore dell' automobile; tutti offrono un servizio eccellente al cliente.";941.0;2086.0;1564.0;1228.0;1412.0;1554.0;1076.0;1804.0;1269.0;2182.0;1357.0;1185.0;3142.0;1064.0;;1;1;33;F;Italia;xxx;italiano;laureata in beni culturali;Si;xxx;796088
B;DG;92;gender44;g_fem;masc;marinaio;yes;815.0;2440.0;778.0;1346.0;1149.0;13.0;no;no;"Le marinaie ricevono le indicazioni dal porto; tutte manovrano con destrezza la nave.";815.0;2440.0;778.0;772.0;1393.0;778.0;1596.0;1346.0;1149.0;874.0;1376.0;770.0;1174.0;;;1;1;33;F;Italia;xxx;italiano;laureata in beni culturali;Si;xxx;796088
D;DG;105;gender57;g_masc;masc;ministro;no;2709.0;939.0;1260.0;1100.0;3841.0;15.0;si;si;"I ministri partecipano alla riunione di gabinetto; tutti attendevano impazientemente dei dettagli sul piano economico.";2709.0;939.0;1260.0;556.0;674.0;885.0;751.0;1100.0;3841.0;769.0;968.0;1815.0;574.0;579.0;879.0;2;2;26;F;italia ;xxx;italiano;Laurea Triennale;Si;xxx;794971
D;DG;108;gender60;g_fem;masc;deputato;no;520.0;918.0;719.0;2362.0;1147.0;14.0;no;no;"Le deputate presentano un nuovo decreto sui trasporti; tutte sperano in una approvazione unanime.";520.0;918.0;719.0;922.0;951.0;619.0;734.0;1001.0;2362.0;1147.0;1266.0;1178.0;752.0;682.0;;2;2;26;F;italia ;xxx;italiano;Laurea Triennale;Si;xxx;794971
D;DG;52;gender4;g_fem;fem;astrologo;yes;514.0;1380.0;1491.0;590.0;983.0;14.0;si;si;"Le astrologhe analizzano le carte astrali; tutte formulano la loro predizione per l' anno futuro.";514.0;1380.0;1491.0;612.0;682.0;962.0;590.0;983.0;468.0;692.0;804.0;1109.0;473.0;1046.0;772.0;2;2;26;F;italia ;xxx;italiano;Laurea Triennale;Si;xxx;794971
D;DG;57;gender9;g_masc;fem;ostetrico;yes;442.0;1038.0;1817.0;1087.0;962.0;13.0;no;no;"Gli ostetrici assistono molte partorienti in ospedale; tutti supportano le madri in travaglio.";442.0;1038.0;1817.0;1498.0;1430.0;1147.0;603.0;1087.0;962.0;744.0;1005.0;469.0;1113.0;;;2;2;26;F;italia ;xxx;italiano;Laurea Triennale;Si;xxx;794971
D;DG;61;gender13;g_masc;fem;maestro;no;714.0;1197.0;1521.0;1269.0;736.0;14.0;si;si;"I maestri comprano dei quaderni a quadretti; tutti preparano il necessario per le lezioni.";714.0;1197.0;1521.0;1619.0;849.0;956.0;1095.0;1269.0;736.0;742.0;1169.0;516.0;813.0;652.0;;2;2;26;F;italia ;xxx;italiano;Laurea Triennale;Si;xxx;794971
D;DG;64;gender16;g_fem;fem;pedagogista;yes;633.0;1424.0;1326.0;960.0;1138.0;13.0;no;no;"Le portinaie svolgono solertemente il loro lavoro; tutte puliscono con attenzione le scale.";633.0;1424.0;1326.0;1445.0;878.0;515.0;504.0;960.0;1138.0;786.0;667.0;549.0;743.0;;;2;2;26;F;italia ;xxx;italiano;Laurea Triennale;Si;xxx;794971
D;DG;68;gender20;g_fem;fem;dermatologo;no;800.0;938.0;1210.0;614.0;1066.0;13.0;si;si;"Le parrucchiere acconciano i lunghi capelli della cliente; tutte utilizzano costosi prodotti biologici.";800.0;938.0;1210.0;809.0;3777.0;1635.0;699.0;1089.0;614.0;1066.0;973.0;872.0;826.0;;;2;2;26;F;italia ;xxx;italiano;Laurea Triennale;Si;xxx;794971
D;DG;81;gender33;g_masc;masc;falegname;no;1181.0;1206.0;823.0;1287.0;1322.0;13.0;si;si;"Gli architetti progettano strutture innovative per le aziende; tutti rispettano le norme ambientali.";1181.0;1206.0;823.0;1751.0;1601.0;666.0;1309.0;892.0;1287.0;1322.0;679.0;453.0;458.0;;;2;2;26;F;italia ;xxx;italiano;Laurea Triennale;Si;xxx;794971
D;DG;84;gender36;g_fem;masc;ingegnere;yes;651.0;1190.0;1661.0;878.0;2362.0;13.0;no;no;"Le ingegnere predispongono il progetto del tunnel; tutte considerano la resistenza del terreno.";651.0;1190.0;1661.0;629.0;1113.0;1584.0;1052.0;878.0;2362.0;729.0;790.0;1483.0;662.0;;;2;2;26;F;italia ;xxx;italiano;Laurea Triennale;Si;xxx;794971
D;DG;89;gender41;g_masc;masc;minatore;no;1271.0;6231.0;1962.0;1350.0;1445.0;14.0;no;no;"I minatori lavorano in condizioni pericolose; tutti chiedono migliori condizioni di lavoro nella miniera.";1271.0;6231.0;1962.0;798.0;1344.0;1399.0;1350.0;1445.0;1463.0;708.0;449.0;573.0;1183.0;1114.0;;2;2;26;F;italia ;xxx;italiano;Laurea Triennale;Si;xxx;794971
D;DG;96;gender48;g_fem;masc;macellaio;yes;500.0;1263.0;1213.0;1035.0;1467.0;13.0;si;si;"Le macellaie preparano tagli d' agnello fresco; tutte espongono i nuovi prezzi in vetrina.";500.0;1263.0;1213.0;1120.0;970.0;869.0;700.0;1035.0;1467.0;675.0;1258.0;830.0;465.0;569.0;;2;2;26;F;italia ;xxx;italiano;Laurea Triennale;Si;xxx;794971
B;DG;103;gender55;g_masc;masc;idraulico;no;705.0;1175.0;905.0;5225.0;2496.0;13.0;si;si;"Gli idraulici riparano la principale tubatura rotta; tutti ripristinano l' acqua corrente nell' intero edificio.";705.0;1175.0;905.0;623.0;1512.0;1536.0;1280.0;5225.0;2496.0;1433.0;1095.0;1184.0;1560.0;1224.0;1033.0;3;3;23;M;ITALIANA;xxx;ITALIANO;Laurea Magistrale;Si;xxx;778057
B;DG;50;gender2;g_fem;fem;infermiere;no;639.0;2985.0;1248.0;1313.0;1055.0;14.0;si;si;"Le infermiere controllano i turni di guardia del giorno; tutte trovano degli errori madornali.";639.0;2985.0;1248.0;944.0;1000.0;952.0;848.0;1104.0;3200.0;1313.0;1055.0;1400.0;1696.0;1984.0;;3;3;23;M;ITALIANA;xxx;ITALIANO;Laurea Magistrale;Si;xxx;778057
B;DG;53;gender5;g_masc;fem;bibliotecario;yes;802.0;4192.0;1456.0;1935.0;1024.0;14.0;si;si;"I bibliotecari organizzano alfabeticamente i nuovi libri; tutti eseguono il lavoro in modo rigoroso.";802.0;4192.0;1456.0;1481.0;1000.0;831.0;785.0;1935.0;1024.0;712.0;1496.0;912.0;832.0;944.0;;3;3;23;M;ITALIANA;xxx;ITALIANO;Laurea Magistrale;Si;xxx;778057
B;DG;55;gender7;g_masc;fem;segretario;yes;598.0;928.0;1008.0;1143.0;1016.0;13.0;no;no;"I segretari ricevono la documentazione ufficiale; tutti raccolgono le firme in ogni dipartimento.";598.0;928.0;1008.0;751.0;1577.0;1504.0;1143.0;1016.0;1097.0;1568.0;792.0;912.0;2208.0;;;3;3;23;M;ITALIANA;xxx;ITALIANO;Laurea Magistrale;Si;xxx;778057
B;DG;60;gender12;g_fem;fem;psicologo;yes;778.0;2601.0;2168.0;984.0;1112.0;13.0;no;no;"Le psicologhe organizzano una seduta collettiva; tutte offrono consulenza gratuita negli ambulatori pubblici.";778.0;2601.0;2168.0;1360.0;728.0;912.0;984.0;1112.0;1599.0;889.0;1816.0;1143.0;1025.0;;;3;3;23;M;ITALIANA;xxx;ITALIANO;Laurea Magistrale;Si;xxx;778057
B;DG;76;gender28;g_fem;fem;logopedista;yes;604.0;1712.0;1040.0;1272.0;968.0;13.0;no;no;"Le ginecologhe visitano le pazienti con le infermiere; tutte controllano la crescita fetale.";604.0;1712.0;1040.0;800.0;976.0;728.0;1249.0;2511.0;1272.0;968.0;832.0;976.0;1832.0;;;3;3;23;M;ITALIANA;xxx;ITALIANO;Laurea Magistrale;Si;xxx;778057
B;DG;77;gender29;g_masc;masc;camionista;yes;1443.0;1672.0;944.0;2400.0;929.0;15.0;si;si;"I giardinieri curano il parco pubblico; tutti potano gli alberi malati alla fine dell' inverno.";1443.0;1672.0;944.0;1056.0;825.0;783.0;2400.0;929.0;1527.0;696.0;1280.0;1736.0;2016.0;1312.0;1713.0;3;3;23;M;ITALIANA;xxx;ITALIANO;Laurea Magistrale;Si;xxx;778057
B;DG;80;gender32;g_fem;masc;fabbro;yes;548.0;1679.0;3377.0;1096.0;1048.0;14.0;no;no;"Le fabbre saldano la nuova rete metallica; tutte eseguono un lavoro di squadra eccellente.";548.0;1679.0;3377.0;776.0;1584.0;976.0;904.0;1096.0;1048.0;1144.0;1032.0;928.0;1000.0;1087.0;;3;3;23;M;ITALIANA;xxx;ITALIANO;Laurea Magistrale;Si;xxx;778057
B;DG;86;gender38;g_fem;masc;pompiere;yes;588.0;1344.0;2241.0;2200.0;1473.0;14.0;si;si;"Le becchine preparano la salma per la sepoltura; tutte aspettano in un rigoroso silenzio.";588.0;1344.0;2241.0;855.0;984.0;696.0;648.0;1088.0;2200.0;1473.0;1255.0;1808.0;904.0;800.0;;3;3;23;M;ITALIANA;xxx;ITALIANO;Laurea Magistrale;Si;xxx;778057
B;DG;87;gender39;g_masc;masc;meccanico;no;647.0;824.0;1096.0;1986.0;1374.0;13.0;no;no;"I meccanici riparano il motore dell' automobile; tutti offrono un servizio eccellente al cliente.";647.0;824.0;1096.0;904.0;792.0;752.0;712.0;1986.0;1374.0;984.0;1104.0;1080.0;1504.0;952.0;;3;3;23;M;ITALIANA;xxx;ITALIANO;Laurea Magistrale;Si;xxx;778057
B;DG;92;gender44;g_fem;masc;marinaio;no;1164.0;1454.0;1049.0;895.0;945.0;13.0;no;no;"Le marinaie ricevono le indicazioni dal porto; tutte manovrano con destrezza la nave.";1164.0;1454.0;1049.0;985.0;1207.0;1105.0;928.0;895.0;945.0;849.0;927.0;824.0;840.0;;;3;3;23;M;ITALIANA;xxx;ITALIANO;Laurea Magistrale;Si;xxx;778057
A;DG;104;gender56;g_fem;masc;idraulico;yes;436.0;1419.0;672.0;751.0;874.0;13.0;si;si;"Le idrauliche riparano la principale tubatura rotta; tutte ripristinano l' acqua corrente nell' intero edificio.";436.0;1419.0;672.0;501.0;771.0;735.0;610.0;751.0;874.0;684.0;636.0;593.0;630.0;558.0;711.0;4;4;26;F;italiana;xxx;Italiano;Laurea Magistrale;Si;xxx;477182
A;DG;49;gender1;g_masc;fem;infermiere;no;1117.0;660.0;730.0;805.0;605.0;14.0;si;si;"Gli infermieri controllano i turni di guardia del giorno; tutti trovano degli errori madornali.";1117.0;660.0;730.0;605.0;686.0;609.0;685.0;739.0;625.0;805.0;605.0;819.0;740.0;836.0;;4;4;26;F;italiana;xxx;Italiano;Laurea Magistrale;Si;xxx;477182
A;DG;54;gender6;g_fem;fem;bibliotecario;no;308.0;587.0;671.0;634.0;594.0;14.0;si;si;"Le bibliotecarie organizzano alfabeticamente i nuovi libri; tutte eseguono il lavoro in modo rigoroso.";308.0;587.0;671.0;924.0;615.0;775.0;732.0;634.0;594.0;548.0;992.0;524.0;574.0;576.0;;4;4;26;F;italiana;xxx;Italiano;Laurea Magistrale;Si;xxx;477182
A;DG;56;gender8;g_fem;fem;segretario;no;519.0;657.0;688.0;660.0;694.0;13.0;no;no;"Le segretarie ricevono la documentazione ufficiale; tutte raccolgono le firme in ogni dipartimento.";519.0;657.0;688.0;468.0;796.0;791.0;660.0;694.0;403.0;526.0;758.0;544.0;728.0;;;4;4;26;F;italiana;xxx;Italiano;Laurea Magistrale;Si;xxx;477182
A;DG;59;gender11;g_masc;fem;psicologo;no;452.0;635.0;620.0;693.0;398.0;13.0;no;no;"Gli psicologi organizzano una seduta collettiva; tutti offrono consulenza gratuita negli ambulatori pubblici.";452.0;635.0;620.0;430.0;366.0;624.0;693.0;398.0;847.0;725.0;465.0;808.0;745.0;;;4;4;26;F;italiana;xxx;Italiano;Laurea Magistrale;Si;xxx;477182
A;DG;75;gender27;g_masc;fem;logopedista;no;1193.0;620.0;555.0;615.0;816.0;13.0;no;no;"I ginecologi visitano le pazienti con le infermiere; tutti monitorano la crescita fetale.";1193.0;620.0;555.0;589.0;494.0;542.0;540.0;774.0;615.0;816.0;611.0;202.0;609.0;;;4;4;26;F;italiana;xxx;Italiano;Laurea Magistrale;Si;xxx;477182
A;DG;78;gender30;g_fem;masc;camionista;yes;588.0;1612.0;838.0;1062.0;920.0;15.0;si;si;"Le giardiniere curano il parco pubblico; tutte potano gli alberi malati alla fine dell' inverno.";588.0;1612.0;838.0;719.0;835.0;1877.0;1062.0;920.0;717.0;566.0;918.0;772.0;1117.0;686.0;831.0;4;4;26;F;italiana;xxx;Italiano;Laurea Magistrale;Si;xxx;477182
A;DG;79;gender31;g_masc;masc;fabbro;no;363.0;1069.0;900.0;737.0;850.0;14.0;no;no;"I fabbri saldano la nuova rete metallica; tutti eseguono un lavoro di squadra eccellente.";363.0;1069.0;900.0;721.0;595.0;731.0;780.0;737.0;850.0;531.0;690.0;901.0;643.0;608.0;;4;4;26;F;italiana;xxx;Italiano;Laurea Magistrale;Si;xxx;477182
A;DG;85;gender37;g_masc;masc;pompiere;no;512.0;711.0;679.0;737.0;533.0;14.0;si;si;"I becchini preparano la salma per la sepoltura; tutti aspettano in un rigoroso silenzio.";512.0;711.0;679.0;463.0;570.0;650.0;529.0;611.0;737.0;533.0;731.0;678.0;596.0;651.0;;4;4;26;F;italiana;xxx;Italiano;Laurea Magistrale;Si;xxx;477182
A;DG;88;gender40;g_fem;masc;meccanico;yes;612.0;2029.0;1594.0;786.0;1484.0;13.0;no;no;"Le meccaniche riparano il motore dell' automobile; tutte offrono un servizio eccellente al cliente.";612.0;2029.0;1594.0;578.0;589.0;936.0;629.0;786.0;1484.0;643.0;810.0;609.0;867.0;738.0;;4;4;26;F;italiana;xxx;Italiano;Laurea Magistrale;Si;xxx;477182
A;DG;91;gender43;g_masc;masc;marinaio;no;611.0;617.0;764.0;1047.0;1011.0;13.0;no;no;"I marinai ricevono le indicazioni dal porto; tutti manovrano con destrezza la nave.";611.0;617.0;764.0;710.0;715.0;663.0;764.0;1047.0;1011.0;1378.0;1102.0;528.0;786.0;;;4;4;26;F;italiana;xxx;Italiano;Laurea Magistrale;Si;xxx;477182
D;DG;105;gender57;g_masc;masc;ministro;no;727.0;4438.0;5721.0;1368.0;1382.0;15.0;si;si;"I ministri partecipano alla riunione di gabinetto; tutti attendevano impazientemente dei dettagli sul piano economico.";727.0;4438.0;5721.0;1947.0;843.0;854.0;1418.0;1368.0;1382.0;1475.0;804.0;901.0;945.0;2240.0;4260.0;5;5;25;M;Italiana;xxx;Italiano;Laurea Magistrale;Si;xxx;808967
D;DG;108;gender60;g_fem;masc;deputato;no;2274.0;1753.0;2715.0;1182.0;2723.0;14.0;no;no;"Le deputate presentano un nuovo decreto sui trasporti; tutte sperano in una approvazione unanime.";2274.0;1753.0;2715.0;2556.0;1013.0;920.0;914.0;1219.0;1182.0;2723.0;902.0;1756.0;919.0;1112.0;;5;5;25;M;Italiana;xxx;Italiano;Laurea Magistrale;Si;xxx;808967
D;DG;52;gender4;g_fem;fem;astrologo;yes;646.0;965.0;741.0;901.0;1462.0;14.0;si;si;"Le astrologhe analizzano le carte astrali; tutte formulano la loro predizione per l' anno futuro.";646.0;965.0;741.0;754.0;961.0;846.0;901.0;1462.0;783.0;1500.0;1026.0;843.0;1828.0;1120.0;797.0;5;5;25;M;Italiana;xxx;Italiano;Laurea Magistrale;Si;xxx;808967
D;DG;57;gender9;g_masc;fem;ostetrico;yes;592.0;1737.0;1213.0;1584.0;1679.0;13.0;no;no;"Gli ostetrici assistono molte partorienti in ospedale; tutti supportano le madri in travaglio.";592.0;1737.0;1213.0;1026.0;921.0;741.0;896.0;1584.0;1679.0;1281.0;963.0;741.0;865.0;;;5;5;25;M;Italiana;xxx;Italiano;Laurea Magistrale;Si;xxx;808967
D;DG;61;gender13;g_masc;fem;maestro;no;1549.0;4002.0;1275.0;6051.0;1668.0;14.0;si;si;"I maestri comprano dei quaderni a quadretti; tutti preparano il necessario per le lezioni.";1549.0;4002.0;1275.0;1059.0;1180.0;4856.0;2414.0;6051.0;1668.0;773.0;1018.0;1020.0;1392.0;5879.0;;5;5;25;M;Italiana;xxx;Italiano;Laurea Magistrale;Si;xxx;808967
D;DG;64;gender16;g_fem;fem;pedagogista;no;670.0;3314.0;1375.0;923.0;6474.0;13.0;no;no;"Le portinaie svolgono solertemente il loro lavoro; tutte puliscono con attenzione le scale.";670.0;3314.0;1375.0;1301.0;793.0;984.0;1031.0;923.0;6474.0;1242.0;1528.0;2843.0;1806.0;;;5;5;25;M;Italiana;xxx;Italiano;Laurea Magistrale;Si;xxx;808967
D;DG;68;gender20;g_fem;fem;dermatologo;yes;807.0;995.0;849.0;992.0;1082.0;13.0;si;si;"Le parrucchiere acconciano i lunghi capelli della cliente; tutte utilizzano costosi prodotti biologici.";807.0;995.0;849.0;738.0;1037.0;627.0;1720.0;1089.0;992.0;1082.0;851.0;960.0;1674.0;;;5;5;25;M;Italiana;xxx;Italiano;Laurea Magistrale;Si;xxx;808967
D;DG;81;gender33;g_masc;masc;falegname;yes;673.0;911.0;808.0;1402.0;1217.0;13.0;si;si;"Gli architetti progettano strutture innovative per le aziende; tutti rispettano le norme ambientali.";673.0;911.0;808.0;1259.0;2922.0;859.0;746.0;975.0;1402.0;1217.0;645.0;836.0;1326.0;;;5;5;25;M;Italiana;xxx;Italiano;Laurea Magistrale;Si;xxx;808967
D;DG;84;gender36;g_fem;masc;ingegnere;yes;562.0;2910.0;1607.0;835.0;1109.0;13.0;no;no;"Le ingegnere predispongono il progetto del tunnel; tutte considerano la resistenza del terreno.";562.0;2910.0;1607.0;1203.0;659.0;865.0;978.0;835.0;1109.0;648.0;1203.0;855.0;863.0;;;5;5;25;M;Italiana;xxx;Italiano;Laurea Magistrale;Si;xxx;808967
D;DG;89;gender41;g_masc;masc;minatore;yes;1145.0;1065.0;720.0;945.0;1082.0;14.0;no;no;"I minatori lavorano in condizioni pericolose; tutti chiedono migliori condizioni di lavoro nella miniera.";1145.0;1065.0;720.0;1038.0;1354.0;1716.0;945.0;1082.0;972.0;755.0;679.0;728.0;1432.0;908.0;;5;5;25;M;Italiana;xxx;Italiano;Laurea Magistrale;Si;xxx;808967
D;DG;96;gender48;g_fem;masc;macellaio;no;942.0;5232.0;1974.0;1722.0;4720.0;13.0;si;si;"Le macellaie preparano tagli d' agnello fresco; tutte espongono i nuovi prezzi in vetrina.";942.0;5232.0;1974.0;3708.0;1847.0;1761.0;2963.0;1722.0;4720.0;1477.0;3886.0;792.0;883.0;759.0;;5;5;25;M;Italiana;xxx;Italiano;Laurea Magistrale;Si;xxx;808967
A;DG;104;gender56;g_fem;masc;idraulico;no;516.0;877.0;1009.0;1062.0;1495.0;13.0;si;si;"Le idrauliche riparano la principale tubatura rotta; tutte ripristinano l' acqua corrente nell' intero edificio.";516.0;877.0;1009.0;685.0;930.0;2507.0;1389.0;1062.0;1495.0;777.0;721.0;1641.0;821.0;659.0;718.0;6;6;24;M;Italiana;xxx;Italiano;Laurea Triennale;No;xxx;744627
A;DG;49;gender1;g_masc;fem;infermiere;yes;559.0;953.0;1158.0;552.0;997.0;14.0;si;si;"Gli infermieri controllano i turni di guardia del giorno; tutti trovano degli errori madornali.";559.0;953.0;1158.0;911.0;917.0;782.0;1171.0;743.0;858.0;552.0;997.0;666.0;903.0;1687.0;;6;6;24;M;Italiana;xxx;Italiano;Laurea Triennale;No;xxx;744627
A;DG;54;gender6;g_fem;fem;bibliotecario;no;633.0;774.0;1332.0;872.0;2261.0;14.0;si;si;"Le bibliotecarie organizzano alfabeticamente i nuovi libri; tutte eseguono il lavoro in modo rigoroso.";633.0;774.0;1332.0;1682.0;814.0;772.0;535.0;872.0;2261.0;632.0;911.0;609.0;710.0;845.0;;6;6;24;M;Italiana;xxx;Italiano;Laurea Triennale;No;xxx;744627
A;DG;56;gender8;g_fem;fem;segretario;no;677.0;1610.0;685.0;1319.0;1545.0;13.0;no;no;"Le segretarie ricevono la documentazione ufficiale; tutte raccolgono le firme in ogni dipartimento.";677.0;1610.0;685.0;530.0;1606.0;813.0;1319.0;1545.0;622.0;696.0;838.0;840.0;1482.0;;;6;6;24;M;Italiana;xxx;Italiano;Laurea Triennale;No;xxx;744627
A;DG;59;gender11;g_masc;fem;psicologo;yes;1177.0;1100.0;1180.0;670.0;1065.0;13.0;no;no;"Gli psicologi organizzano una seduta collettiva; tutti offrono consulenza gratuita negli ambulatori pubblici.";1177.0;1100.0;1180.0;635.0;743.0;1030.0;670.0;1065.0;1418.0;943.0;930.0;1127.0;645.0;;;6;6;24;M;Italiana;xxx;Italiano;Laurea Triennale;No;xxx;744627
A;DG;75;gender27;g_masc;fem;logopedista;yes;601.0;2647.0;922.0;846.0;836.0;13.0;no;no;"I ginecologi visitano le pazienti con le infermiere; tutti monitorano la crescita fetale.";601.0;2647.0;922.0;1130.0;905.0;722.0;624.0;953.0;846.0;836.0;661.0;1039.0;1759.0;;;6;6;24;M;Italiana;xxx;Italiano;Laurea Triennale;No;xxx;744627
A;DG;78;gender30;g_fem;masc;camionista;no;551.0;1733.0;941.0;901.0;1667.0;15.0;si;si;"Le giardiniere curano il parco pubblico; tutte potano gli alberi malati alla fine dell' inverno.";551.0;1733.0;941.0;755.0;594.0;1297.0;901.0;1667.0;1629.0;624.0;915.0;856.0;690.0;602.0;1293.0;6;6;24;M;Italiana;xxx;Italiano;Laurea Triennale;No;xxx;744627
A;DG;79;gender31;g_masc;masc;fabbro;no;1487.0;789.0;1069.0;1019.0;989.0;14.0;no;no;"I fabbri saldano la nuova rete metallica; tutti eseguono un lavoro di squadra eccellente.";1487.0;789.0;1069.0;756.0;605.0;994.0;826.0;1019.0;989.0;594.0;858.0;639.0;834.0;870.0;;6;6;24;M;Italiana;xxx;Italiano;Laurea Triennale;No;xxx;744627
A;DG;85;gender37;g_masc;masc;pompiere;yes;719.0;1390.0;1079.0;647.0;1020.0;14.0;si;si;"I becchini preparano la salma per la sepoltura; tutti aspettano in un rigoroso silenzio.";719.0;1390.0;1079.0;1278.0;1423.0;847.0;658.0;820.0;647.0;1020.0;478.0;740.0;1735.0;832.0;;6;6;24;M;Italiana;xxx;Italiano;Laurea Triennale;No;xxx;744627
A;DG;88;gender40;g_fem;masc;meccanico;yes;582.0;1109.0;2528.0;1166.0;1043.0;13.0;no;no;"Le meccaniche riparano il motore dell' automobile; tutte offrono un servizio eccellente al cliente.";582.0;1109.0;2528.0;610.0;478.0;969.0;590.0;1166.0;1043.0;497.0;800.0;910.0;977.0;627.0;;6;6;24;M;Italiana;xxx;Italiano;Laurea Triennale;No;xxx;744627
A;DG;91;gender43;g_masc;masc;marinaio;yes;1345.0;872.0;1153.0;1093.0;969.0;13.0;no;no;"I marinai ricevono le indicazioni dal porto; tutti manovrano con destrezza la nave.";1345.0;872.0;1153.0;976.0;1479.0;735.0;808.0;1093.0;969.0;1041.0;858.0;952.0;555.0;;;6;6;24;M;Italiana;xxx;Italiano;Laurea Triennale;No;xxx;744627
C;DG;106;gender58;g_fem;masc;ministro;no;705.0;1225.0;2191.0;2310.0;847.0;15.0;si;si;"I ministri partecipano alla riunione di gabinetto; tutti attendevano impazientemente dei dettagli sul piano economico.";705.0;1225.0;2191.0;1036.0;943.0;776.0;921.0;2310.0;847.0;1107.0;1101.0;1703.0;782.0;541.0;1104.0;7;7;19;M;ITALIANA;xxx;ITALIANO;In Corso Universitario;No;xxx;806097
C;DG;107;gender59;g_masc;masc;deputato;no;574.0;1117.0;1429.0;1158.0;702.0;14.0;no;no;"I deputati presentano un nuovo decreto sui trasporti; tutti sperano in una approvazione unanime.";574.0;1117.0;1429.0;809.0;799.0;724.0;1024.0;853.0;1158.0;702.0;734.0;930.0;935.0;1393.0;;7;7;19;M;ITALIANA;xxx;ITALIANO;In Corso Universitario;No;xxx;806097
C;DG;51;gender3;g_masc;fem;astrologo;yes;645.0;1858.0;3017.0;1419.0;1911.0;14.0;si;si;"Gli astrologi analizzano le carte astrali; tutti formulano la loro predizione per l' anno futuro.";645.0;1858.0;3017.0;865.0;1142.0;1511.0;1419.0;1911.0;862.0;625.0;1049.0;841.0;772.0;566.0;1099.0;7;7;19;M;ITALIANA;xxx;ITALIANO;In Corso Universitario;No;xxx;806097
C;DG;58;gender10;g_fem;fem;ostetrico;no;630.0;1037.0;1754.0;1003.0;977.0;13.0;no;no;"Le ostetriche assistono molte partorienti in ospedale; tutte supportano le madri in travaglio.";630.0;1037.0;1754.0;1225.0;843.0;938.0;955.0;1003.0;977.0;671.0;778.0;844.0;1458.0;;;7;7;19;M;ITALIANA;xxx;ITALIANO;In Corso Universitario;No;xxx;806097
C;DG;62;gender14;g_fem;fem;maestro;yes;666.0;815.0;1414.0;1627.0;2060.0;14.0;si;si;"Le maestre comprano dei quaderni a quadretti; tutte preparano il necessario per le lezioni.";666.0;815.0;1414.0;821.0;1289.0;1104.0;1353.0;1627.0;2060.0;541.0;1192.0;568.0;1164.0;801.0;;7;7;19;M;ITALIANA;xxx;ITALIANO;In Corso Universitario;No;xxx;806097
C;DG;63;gender15;g_masc;fem;pedagogista;no;973.0;1518.0;1066.0;1046.0;1551.0;13.0;no;no;"I portinai svolgono solertemente il loro lavoro; tutti puliscono con attenzione le scale.";973.0;1518.0;1066.0;1640.0;903.0;635.0;555.0;1046.0;1551.0;1096.0;1045.0;890.0;1430.0;;;7;7;19;M;ITALIANA;xxx;ITALIANO;In Corso Universitario;No;xxx;806097
C;DG;67;gender19;g_masc;fem;dermatologo;no;637.0;1923.0;1345.0;1724.0;3390.0;13.0;si;si;"I parrucchieri acconciano i lunghi capelli della cliente; tutti utilizzano costosi prodotti biologici.";637.0;1923.0;1345.0;924.0;780.0;599.0;1069.0;911.0;1724.0;3390.0;2698.0;2044.0;1932.0;;;7;7;19;M;ITALIANA;xxx;ITALIANO;In Corso Universitario;No;xxx;806097
C;DG;82;gender34;g_fem;masc;falegname;no;666.0;1506.0;2121.0;1011.0;2080.0;13.0;si;si;"Le architette progettano strutture innovative per le aziende; tutte rispettano le norme ambientali.";666.0;1506.0;2121.0;1307.0;1024.0;915.0;805.0;1155.0;1011.0;2080.0;863.0;1147.0;1472.0;;;7;7;19;M;ITALIANA;xxx;ITALIANO;In Corso Universitario;No;xxx;806097
C;DG;83;gender35;g_masc;masc;ingegnere;yes;1706.0;1494.0;1731.0;777.0;1824.0;13.0;no;no;"Gli ingegneri predispongono il progetto del tunnel; tutti considerano la resistenza del terreno.";1706.0;1494.0;1731.0;711.0;1053.0;685.0;853.0;777.0;1824.0;932.0;835.0;848.0;1078.0;;;7;7;19;M;ITALIANA;xxx;ITALIANO;In Corso Universitario;No;xxx;806097
C;DG;90;gender42;g_fem;masc;minatore;no;606.0;1738.0;1226.0;909.0;620.0;14.0;no;no;"Le minatrici lavorano in condizioni pericolose; tutte chiedono migliori condizioni di lavoro nella miniera.";606.0;1738.0;1226.0;1156.0;704.0;1230.0;909.0;620.0;1895.0;1264.0;463.0;749.0;806.0;879.0;;7;7;19;M;ITALIANA;xxx;ITALIANO;In Corso Universitario;No;xxx;806097
C;DG;95;gender47;g_masc;masc;macellaio;yes;689.0;1857.0;1151.0;1037.0;2246.0;13.0;si;si;"I macellai preparano tagli d' agnello fresco; tutti espongono i nuovi prezzi in vetrina.";689.0;1857.0;1151.0;1121.0;1222.0;866.0;1233.0;1037.0;2246.0;664.0;742.0;691.0;936.0;502.0;;7;7;19;M;ITALIANA;xxx;ITALIANO;In Corso Universitario;No;xxx;806097
B;DG;103;gender55;g_masc;masc;idraulico;no;1800.0;5695.0;2137.0;1664.0;3488.0;13.0;si;si;"Gli idraulici riparano la principale tubatura rotta; tutti ripristinano l' acqua corrente nell' intero edificio.";1800.0;5695.0;2137.0;1400.0;2560.0;4376.0;2209.0;1664.0;3488.0;1008.0;1616.0;3192.0;3120.0;1935.0;3465.0;8;8;22;M;italiano;xxx;italiano;Laurea Triennale;Si;xxx;1097175
B;DG;50;gender2;g_fem;fem;infermiere;no;779.0;2800.0;2976.0;1760.0;3168.0;14.0;si;si;"Le infermiere controllano i turni di guardia del giorno; tutte trovano degli errori madornali.";779.0;2800.0;2976.0;920.0;2016.0;2896.0;4200.0;2448.0;5608.0;1760.0;3168.0;1272.0;1280.0;1664.0;;8;8;22;M;italiano;xxx;italiano;Laurea Triennale;Si;xxx;1097175
B;DG;53;gender5;g_masc;fem;bibliotecario;no;1083.0;8416.0;1312.0;1672.0;6480.0;14.0;si;si;"I bibliotecari organizzano alfabeticamente i nuovi libri; tutti eseguono il lavoro in modo rigoroso.";1083.0;8416.0;1312.0;2136.0;1904.0;1232.0;976.0;1672.0;6480.0;4832.0;2112.0;1448.0;1888.0;1352.0;;8;8;22;M;italiano;xxx;italiano;Laurea Triennale;Si;xxx;1097175
B;DG;55;gender7;g_masc;fem;segretario;no;528.0;1280.0;680.0;400.0;440.0;13.0;no;no;"I segretari ricevono la documentazione ufficiale; tutti raccolgono le firme in ogni dipartimento.";528.0;1280.0;680.0;7432.0;584.0;344.0;400.0;440.0;6257.0;1104.0;1064.0;800.0;1064.0;;;8;8;22;M;italiano;xxx;italiano;Laurea Triennale;Si;xxx;1097175
B;DG;60;gender12;g_fem;fem;psicologo;no;2847.0;4776.0;1944.0;2863.0;1096.0;13.0;no;no;"Le psicologhe organizzano una seduta collettiva; tutte offrono consulenza gratuita negli ambulatori pubblici.";2847.0;4776.0;1944.0;1344.0;1472.0;1145.0;2863.0;1096.0;1816.0;2016.0;1120.0;1592.0;1544.0;;;8;8;22;M;italiano;xxx;italiano;Laurea Triennale;Si;xxx;1097175
B;DG;76;gender28;g_fem;fem;logopedista;no;872.0;1976.0;4336.0;1808.0;2288.0;13.0;no;no;"Le ginecologhe visitano le pazienti con le infermiere; tutte controllano la crescita fetale.";872.0;1976.0;4336.0;3592.0;1600.0;5120.0;1096.0;2768.0;1808.0;2288.0;1320.0;1264.0;3616.0;;;8;8;22;M;italiano;xxx;italiano;Laurea Triennale;Si;xxx;1097175
B;DG;77;gender29;g_masc;masc;camionista;no;591.0;1624.0;1224.0;1448.0;344.0;15.0;si;si;"I giardinieri curano il parco pubblico; tutti potano gli alberi malati alla fine dell' inverno.";591.0;1624.0;1224.0;696.0;768.0;1168.0;1448.0;344.0;480.0;512.0;416.0;760.0;681.0;775.0;312.0;8;8;22;M;italiano;xxx;italiano;Laurea Triennale;Si;xxx;1097175
B;DG;80;gender32;g_fem;masc;fabbro;no;858.0;1424.0;2000.0;1888.0;1568.0;14.0;no;no;"Le fabbre saldano la nuova rete metallica; tutte eseguono un lavoro di squadra eccellente.";858.0;1424.0;2000.0;1768.0;1320.0;1144.0;1536.0;1888.0;1568.0;1312.0;1360.0;1640.0;1672.0;2552.0;;8;8;22;M;italiano;xxx;italiano;Laurea Triennale;Si;xxx;1097175
B;DG;86;gender38;g_fem;masc;pompiere;no;898.0;2216.0;4328.0;1944.0;1080.0;14.0;si;si;"Le becchine preparano la salma per la sepoltura; tutte aspettano in un rigoroso silenzio.";898.0;2216.0;4328.0;800.0;2000.0;840.0;1552.0;1176.0;1944.0;1080.0;4344.0;984.0;5704.0;2432.0;;8;8;22;M;italiano;xxx;italiano;Laurea Triennale;Si;xxx;1097175
B;DG;87;gender39;g_masc;masc;meccanico;no;775.0;1208.0;8240.0;1792.0;5384.0;13.0;no;no;"I meccanici riparano il motore dell' automobile; tutti offrono un servizio eccellente al cliente.";775.0;1208.0;8240.0;1392.0;2816.0;2504.0;1688.0;1792.0;5384.0;1984.0;4920.0;5248.0;2191.0;2617.0;;8;8;22;M;italiano;xxx;italiano;Laurea Triennale;Si;xxx;1097175
B;DG;92;gender44;g_fem;masc;marinaio;no;1712.0;9504.0;1880.0;1711.0;2952.0;13.0;no;no;"Le marinaie ricevono le indicazioni dal porto; tutte manovrano con destrezza la nave.";1712.0;9504.0;1880.0;2720.0;3056.0;1120.0;2185.0;1711.0;2952.0;2776.0;1736.0;1208.0;4312.0;;;8;8;22;M;italiano;xxx;italiano;Laurea Triennale;Si;xxx;1097175
A;CG;59;gender11;g_masc;fem;psicologo;no;1014.0;1468.0;959.0;908.0;842.0;13.0;no;no;"Gli psicologi organizzano una seduta collettiva; tutti offrono consulenza gratuita negli ambulatori pubblici.";1014.0;1468.0;959.0;848.0;1322.0;925.0;908.0;842.0;1123.0;987.0;1720.0;1268.0;976.0;;;29;29;24;MASCHILE;ITALIANA;xxx;ITALIANA;LAUREA MAGISTRALE (IN CORSO);SÌ;xxx;685808
A;CG;75;gender27;g_masc;fem;logopedista;no;618.0;1145.0;2211.0;1150.0;1189.0;13.0;no;no;"I ginecologi visitano le pazienti con le infermiere; tutti monitorano la crescita fetale.";618.0;1145.0;2211.0;805.0;1520.0;969.0;943.0;1401.0;1150.0;1189.0;821.0;823.0;1153.0;;;29;29;24;MASCHILE;ITALIANA;xxx;ITALIANA;LAUREA MAGISTRALE (IN CORSO);SÌ;xxx;685808
A;CG;56;gender8;g_fem;fem;segretario;no;734.0;1145.0;1907.0;927.0;915.0;13.0;no;no;"Le segretarie ricevono la documentazione ufficiale; tutte raccolgono le firme in ogni dipartimento.";734.0;1145.0;1907.0;632.0;1250.0;935.0;927.0;915.0;681.0;837.0;1172.0;1467.0;1211.0;;;29;29;24;MASCHILE;ITALIANA;xxx;ITALIANA;LAUREA MAGISTRALE (IN CORSO);SÌ;xxx;685808
A;CG;54;gender6;g_fem;fem;bibliotecario;no;629.0;903.0;816.0;1176.0;1102.0;14.0;si;si;"Le bibliotecarie organizzano alfabeticamente i nuovi libri; tutte eseguono il lavoro in modo rigoroso.";629.0;903.0;816.0;1278.0;727.0;769.0;553.0;1176.0;1102.0;801.0;802.0;906.0;1008.0;918.0;;29;29;24;MASCHILE;ITALIANA;xxx;ITALIANA;LAUREA MAGISTRALE (IN CORSO);SÌ;xxx;685808
A;CG;79;gender31;g_masc;masc;fabbro;no;463.0;1240.0;1094.0;777.0;908.0;14.0;no;no;"I fabbri saldano la nuova rete metallica; tutti eseguono un lavoro di squadra eccellente.";463.0;1240.0;1094.0;656.0;741.0;692.0;754.0;777.0;908.0;1119.0;985.0;815.0;690.0;770.0;;29;29;24;MASCHILE;ITALIANA;xxx;ITALIANA;LAUREA MAGISTRALE (IN CORSO);SÌ;xxx;685808
A;CG;88;gender40;g_fem;masc;meccanico;no;563.0;894.0;1618.0;701.0;755.0;13.0;no;no;"Le meccaniche riparano il motore dell' automobile; tutte offrono un servizio eccellente al cliente.";563.0;894.0;1618.0;689.0;816.0;718.0;967.0;701.0;755.0;810.0;799.0;1039.0;913.0;656.0;;29;29;24;MASCHILE;ITALIANA;xxx;ITALIANA;LAUREA MAGISTRALE (IN CORSO);SÌ;xxx;685808
A;CG;85;gender37;g_masc;masc;pompiere;no;597.0;1239.0;882.0;748.0;964.0;14.0;si;si;"I becchini preparano la salma per la sepoltura; tutti aspettano in un rigoroso silenzio.";597.0;1239.0;882.0;896.0;897.0;1098.0;877.0;947.0;748.0;964.0;637.0;1308.0;1839.0;660.0;;29;29;24;MASCHILE;ITALIANA;xxx;ITALIANA;LAUREA MAGISTRALE (IN CORSO);SÌ;xxx;685808
A;CG;49;gender1;g_masc;fem;infermiere;no;561.0;727.0;908.0;922.0;734.0;14.0;si;si;"Gli infermieri controllano i turni di guardia del giorno; tutti trovano degli errori madornali.";561.0;727.0;908.0;746.0;655.0;873.0;1019.0;977.0;1477.0;922.0;734.0;1117.0;1015.0;970.0;;29;29;24;MASCHILE;ITALIANA;xxx;ITALIANA;LAUREA MAGISTRALE (IN CORSO);SÌ;xxx;685808
A;CG;91;gender43;g_masc;masc;marinaio;no;611.0;1054.0;1130.0;740.0;945.0;13.0;no;no;"I marinai ricevono le indicazioni dal porto; tutti manovrano con destrezza la nave.";611.0;1054.0;1130.0;874.0;937.0;1593.0;964.0;740.0;945.0;995.0;1425.0;742.0;869.0;;;29;29;24;MASCHILE;ITALIANA;xxx;ITALIANA;LAUREA MAGISTRALE (IN CORSO);SÌ;xxx;685808
A;CG;104;gender56;g_fem;masc;idraulico;no;514.0;865.0;1056.0;881.0;761.0;13.0;si;si;"Le idrauliche riparano la principale tubatura rotta; tutte ripristinano l' acqua corrente nell' intero edificio.";514.0;865.0;1056.0;835.0;977.0;789.0;846.0;881.0;761.0;748.0;812.0;1007.0;827.0;845.0;960.0;29;29;24;MASCHILE;ITALIANA;xxx;ITALIANA;LAUREA MAGISTRALE (IN CORSO);SÌ;xxx;685808
A;CG;78;gender30;g_fem;masc;camionista;no;567.0;1263.0;1014.0;1264.0;938.0;15.0;si;si;"Le giardiniere curano il parco pubblico; tutte potano gli alberi malati alla fine dell' inverno.";567.0;1263.0;1014.0;578.0;657.0;1283.0;1264.0;938.0;1059.0;760.0;936.0;903.0;944.0;942.0;1302.0;29;29;24;MASCHILE;ITALIANA;xxx;ITALIANA;LAUREA MAGISTRALE (IN CORSO);SÌ;xxx;685808
B;CG;80;gender32;g_fem;masc;fabbro;no;861.0;3556.0;1049.0;1306.0;1156.0;14.0;no;no;"Le fabbre saldano la nuova rete metallica; tutte eseguono un lavoro di squadra eccellente.";861.0;3556.0;1049.0;1006.0;1170.0;979.0;954.0;1306.0;1156.0;888.0;812.0;797.0;916.0;871.0;;58;58;32;femmina;italiana;xxx;italiano;laurea magistrale;no;xxx;608477
B;CG;86;gender38;g_fem;masc;pompiere;si;679.0;988.0;2083.0;789.0;2907.0;14.0;si;si;"Le becchine preparano la salma per la sepoltura; tutte aspettano in un rigoroso silenzio.";679.0;988.0;2083.0;898.0;1251.0;892.0;789.0;905.0;789.0;2907.0;1219.0;1311.0;1017.0;958.0;;58;58;32;femmina;italiana;xxx;italiano;laurea magistrale;no;xxx;608477
B;CG;53;gender5;g_masc;fem;bibliotecario;no;843.0;698.0;688.0;1145.0;1034.0;14.0;si;si;"I bibliotecari organizzano alfabeticamente i nuovi libri; tutti eseguono il lavoro in modo rigoroso.";843.0;698.0;688.0;1071.0;705.0;940.0;682.0;1145.0;1034.0;816.0;833.0;969.0;813.0;876.0;;58;58;32;femmina;italiana;xxx;italiano;laurea magistrale;no;xxx;608477
B;CG;50;gender2;g_fem;fem;infermiere;no;554.0;1204.0;707.0;892.0;760.0;14.0;si;si;"Le infermiere controllano i turni di guardia del giorno; tutte trovano degli errori madornali.";554.0;1204.0;707.0;835.0;695.0;723.0;957.0;883.0;1156.0;892.0;760.0;747.0;931.0;1017.0;;58;58;32;femmina;italiana;xxx;italiano;laurea magistrale;no;xxx;608477
B;CG;103;gender55;g_masc;masc;idraulico;no;650.0;811.0;670.0;1066.0;873.0;13.0;si;si;"Gli idraulici riparano la principale tubatura rotta; tutti ripristinano l' acqua corrente nell' intero edificio.";650.0;811.0;670.0;1457.0;1245.0;991.0;1274.0;1066.0;873.0;899.0;700.0;932.0;1336.0;862.0;795.0;58;58;32;femmina;italiana;xxx;italiano;laurea magistrale;no;xxx;608477
B;CG;55;gender7;g_masc;fem;segretario;no;718.0;1009.0;1434.0;871.0;831.0;13.0;no;no;"I segretari ricevono la documentazione ufficiale; tutti raccolgono le firme in ogni dipartimento.";718.0;1009.0;1434.0;872.0;691.0;776.0;871.0;831.0;807.0;820.0;873.0;766.0;1036.0;;;58;58;32;femmina;italiana;xxx;italiano;laurea magistrale;no;xxx;608477
B;CG;87;gender39;g_masc;masc;meccanico;no;635.0;1134.0;977.0;764.0;846.0;13.0;no;no;"I meccanici riparano il motore dell' automobile; tutti offrono un servizio eccellente al cliente.";635.0;1134.0;977.0;748.0;1216.0;1102.0;589.0;764.0;846.0;756.0;1021.0;941.0;676.0;584.0;;58;58;32;femmina;italiana;xxx;italiano;laurea magistrale;no;xxx;608477
B;CG;77;gender29;g_masc;masc;camionista;no;710.0;1164.0;1028.0;800.0;946.0;15.0;si;si;"I giardinieri curano il parco pubblico; tutti potano gli alberi malati alla fine dell' inverno.";710.0;1164.0;1028.0;679.0;876.0;995.0;800.0;946.0;1091.0;621.0;1060.0;1652.0;1324.0;709.0;1280.0;58;58;32;femmina;italiana;xxx;italiano;laurea magistrale;no;xxx;608477
B;CG;60;gender12;g_fem;fem;psicologo;no;581.0;964.0;1919.0;724.0;747.0;13.0;no;no;"Le psicologhe organizzano una seduta collettiva; tutte offrono consulenza gratuita negli ambulatori pubblici.";581.0;964.0;1919.0;1104.0;603.0;854.0;724.0;747.0;1135.0;834.0;831.0;926.0;912.0;;;58;58;32;femmina;italiana;xxx;italiano;laurea magistrale;no;xxx;608477
B;CG;76;gender28;g_fem;fem;logopedista;no;657.0;816.0;760.0;808.0;822.0;13.0;no;no;"Le ginecologhe visitano le pazienti con le infermiere; tutte controllano la crescita fetale.";657.0;816.0;760.0;567.0;713.0;603.0;578.0;674.0;808.0;822.0;862.0;877.0;856.0;;;58;58;32;femmina;italiana;xxx;italiano;laurea magistrale;no;xxx;608477
B;CG;92;gender44;g_fem;masc;marinaio;no;573.0;1575.0;826.0;1663.0;980.0;13.0;no;no;"Le marinaie ricevono le indicazioni dal porto; tutte manovrano con destrezza la nave.";573.0;1575.0;826.0;839.0;1175.0;1236.0;1387.0;1663.0;980.0;1314.0;818.0;1028.0;920.0;;;58;58;32;femmina;italiana;xxx;italiano;laurea magistrale;no;xxx;608477
A;CG;79;gender31;g_masc;masc;fabbro;no;570.0;1028.0;603.0;788.0;908.0;14.0;no;no;"I fabbri saldano la nuova rete metallica; tutti eseguono un lavoro di squadra eccellente.";570.0;1028.0;603.0;764.0;793.0;695.0;1340.0;788.0;908.0;822.0;780.0;570.0;767.0;942.0;;85;85;25;F;Italiana;xxx;Italiano;Laurea Magistrale in corso;No;xxx;610429
A;CG;59;gender11;g_masc;fem;psicologo;no;534.0;1265.0;708.0;878.0;658.0;13.0;no;no;"Gli psicologi organizzano una seduta collettiva; tutti offrono consulenza gratuita negli ambulatori pubblici.";534.0;1265.0;708.0;910.0;1074.0;547.0;878.0;658.0;1062.0;600.0;1260.0;521.0;879.0;;;85;85;25;F;Italiana;xxx;Italiano;Laurea Magistrale in corso;No;xxx;610429
A;CG;88;gender40;g_fem;masc;meccanico;no;861.0;790.0;979.0;1168.0;581.0;13.0;no;no;"Le meccaniche riparano il motore dell' automobile; tutte offrono un servizio eccellente al cliente.";861.0;790.0;979.0;656.0;709.0;945.0;632.0;1168.0;581.0;773.0;548.0;523.0;1121.0;553.0;;85;85;25;F;Italiana;xxx;Italiano;Laurea Magistrale in corso;No;xxx;610429
A;CG;56;gender8;g_fem;fem;segretario;no;551.0;1443.0;665.0;672.0;1162.0;13.0;no;no;"Le segretarie ricevono la documentazione ufficiale; tutte raccolgono le firme in ogni dipartimento.";551.0;1443.0;665.0;712.0;798.0;1105.0;672.0;1162.0;613.0;573.0;840.0;625.0;736.0;;;85;85;25;F;Italiana;xxx;Italiano;Laurea Magistrale in corso;No;xxx;610429
A;CG;49;gender1;g_masc;fem;infermiere;no;634.0;633.0;1159.0;951.0;1085.0;14.0;si;si;"Gli infermieri controllano i turni di guardia del giorno; tutti trovano degli errori madornali.";634.0;633.0;1159.0;1183.0;1471.0;892.0;1167.0;1160.0;1085.0;951.0;1085.0;943.0;796.0;1697.0;;85;85;25;F;Italiana;xxx;Italiano;Laurea Magistrale in corso;No;xxx;610429
A;CG;78;gender30;g_fem;masc;camionista;no;441.0;1533.0;1399.0;1137.0;728.0;15.0;si;si;"Le giardiniere curano il parco pubblico; tutte potano gli alberi malati alla fine dell' inverno.";441.0;1533.0;1399.0;490.0;1663.0;1117.0;1137.0;728.0;1151.0;921.0;809.0;776.0;838.0;970.0;1995.0;85;85;25;F;Italiana;xxx;Italiano;Laurea Magistrale in corso;No;xxx;610429
A;CG;75;gender27;g_masc;fem;logopedista;no;713.0;1159.0;728.0;1052.0;4013.0;13.0;no;no;"I ginecologi visitano le pazienti con le infermiere; tutti monitorano la crescita fetale.";713.0;1159.0;728.0;783.0;888.0;829.0;606.0;1300.0;1052.0;4013.0;719.0;845.0;896.0;;;85;85;25;F;Italiana;xxx;Italiano;Laurea Magistrale in corso;No;xxx;610429
A;CG;54;gender6;g_fem;fem;bibliotecario;no;762.0;1054.0;982.0;832.0;983.0;14.0;si;si;"Le bibliotecarie organizzano alfabeticamente i nuovi libri; tutte eseguono il lavoro in modo rigoroso.";762.0;1054.0;982.0;1650.0;764.0;967.0;935.0;832.0;983.0;696.0;784.0;815.0;792.0;933.0;;85;85;25;F;Italiana;xxx;Italiano;Laurea Magistrale in corso;No;xxx;610429
A;CG;85;gender37;g_masc;masc;pompiere;no;561.0;1087.0;1080.0;853.0;995.0;14.0;si;si;"I becchini preparano la salma per la sepoltura; tutti aspettano in un rigoroso silenzio.";561.0;1087.0;1080.0;758.0;641.0;590.0;701.0;1093.0;853.0;995.0;1054.0;1003.0;1280.0;655.0;;85;85;25;F;Italiana;xxx;Italiano;Laurea Magistrale in corso;No;xxx;610429
A;CG;104;gender56;g_fem;masc;idraulico;no;1066.0;885.0;999.0;1182.0;998.0;13.0;si;si;"Le idrauliche riparano la principale tubatura rotta; tutte ripristinano l' acqua corrente nell' intero edificio.";1066.0;885.0;999.0;905.0;1036.0;2136.0;1288.0;1182.0;998.0;1215.0;769.0;1029.0;744.0;1123.0;1520.0;85;85;25;F;Italiana;xxx;Italiano;Laurea Magistrale in corso;No;xxx;610429
A;CG;91;gender43;g_masc;masc;marinaio;si;448.0;1209.0;879.0;1002.0;1073.0;13.0;no;no;"I marinai ricevono le indicazioni dal porto; tutti manovrano con destrezza la nave.";448.0;1209.0;879.0;1263.0;1377.0;1062.0;1009.0;1002.0;1073.0;659.0;633.0;1226.0;821.0;;;85;85;25;F;Italiana;xxx;Italiano;Laurea Magistrale in corso;No;xxx;610429
D;CG;68;gender20;g_fem;fem;dermatologo;no;1039.0;2114.0;1136.0;1316.0;1308.0;13.0;si;si;"Le parrucchiere acconciano i lunghi capelli della cliente; tutte utilizzano costosi prodotti biologici.";1039.0;2114.0;1136.0;1088.0;1221.0;1069.0;1171.0;1162.0;1316.0;1308.0;1370.0;1163.0;1276.0;;;88;88;26;F;italiana;xxx;italia;laurea magistrale in corso;sì;xxx;725864
D;CG;57;gender9;g_masc;fem;ostetrico;no;992.0;1354.0;1214.0;1176.0;1318.0;13.0;no;no;"Gli ostetrici assistono molte partorienti in ospedale; tutti supportano le madri in travaglio.";992.0;1354.0;1214.0;1317.0;1295.0;2159.0;1548.0;1176.0;1318.0;964.0;1122.0;1057.0;1061.0;;;88;88;26;F;italiana;xxx;italia;laurea magistrale in corso;sì;xxx;725864
D;CG;108;gender60;g_fem;masc;deputato;no;1310.0;1190.0;1103.0;1086.0;1055.0;14.0;no;no;"Le deputate presentano un nuovo decreto sui trasporti; tutte sperano in una approvazione unanime.";1310.0;1190.0;1103.0;1236.0;1313.0;1119.0;1263.0;947.0;1086.0;1055.0;2454.0;1879.0;1311.0;1412.0;;88;88;26;F;italiana;xxx;italia;laurea magistrale in corso;sì;xxx;725864
D;CG;52;gender4;g_fem;fem;astrologo;no;692.0;3819.0;1191.0;1079.0;929.0;14.0;si;si;"Le astrologhe analizzano le carte astrali; tutte formulano la loro predizione per l' anno futuro.";692.0;3819.0;1191.0;930.0;1770.0;1150.0;1079.0;929.0;1504.0;1166.0;1332.0;1100.0;1493.0;1047.0;1096.0;88;88;26;F;italiana;xxx;italia;laurea magistrale in corso;sì;xxx;725864
D;CG;84;gender36;g_fem;masc;ingegnere;no;1218.0;3138.0;1094.0;781.0;710.0;13.0;no;no;"Le ingegnere predispongono il progetto del tunnel; tutte considerano la resistenza del terreno.";1218.0;3138.0;1094.0;933.0;864.0;762.0;1635.0;781.0;710.0;739.0;1911.0;728.0;933.0;;;88;88;26;F;italiana;xxx;italia;laurea magistrale in corso;sì;xxx;725864
D;CG;89;gender41;g_masc;masc;minatore;no;896.0;803.0;873.0;1132.0;1422.0;14.0;no;no;"I minatori lavorano in condizioni pericolose; tutti chiedono migliori condizioni di lavoro nella miniera.";896.0;803.0;873.0;815.0;1167.0;752.0;1132.0;1422.0;1061.0;775.0;865.0;985.0;735.0;781.0;;88;88;26;F;italiana;xxx;italia;laurea magistrale in corso;sì;xxx;725864
D;CG;64;gender16;g_fem;fem;pedagogista;no;712.0;1143.0;1032.0;938.0;759.0;13.0;no;no;"Le portinaie svolgono solertemente il loro lavoro; tutte puliscono con attenzione le scale.";712.0;1143.0;1032.0;1023.0;843.0;895.0;797.0;938.0;759.0;809.0;755.0;713.0;762.0;;;88;88;26;F;italiana;xxx;italia;laurea magistrale in corso;sì;xxx;725864
D;CG;81;gender33;g_masc;masc;falegname;no;2146.0;1052.0;999.0;833.0;857.0;13.0;si;si;"Gli architetti progettano strutture innovative per le aziende; tutti rispettano le norme ambientali.";2146.0;1052.0;999.0;823.0;787.0;913.0;834.0;757.0;833.0;857.0;914.0;791.0;766.0;;;88;88;26;F;italiana;xxx;italia;laurea magistrale in corso;sì;xxx;725864
D;CG;61;gender13;g_masc;fem;maestro;no;635.0;1145.0;649.0;1058.0;830.0;14.0;si;si;"I maestri comprano dei quaderni a quadretti; tutti preparano il necessario per le lezioni.";635.0;1145.0;649.0;939.0;841.0;1906.0;688.0;1058.0;830.0;784.0;869.0;762.0;855.0;688.0;;88;88;26;F;italiana;xxx;italia;laurea magistrale in corso;sì;xxx;725864
D;CG;96;gender48;g_fem;masc;macellaio;no;592.0;804.0;1341.0;823.0;875.0;13.0;si;si;"Le macellaie preparano tagli d' agnello fresco; tutte espongono i nuovi prezzi in vetrina.";592.0;804.0;1341.0;2468.0;1511.0;764.0;754.0;823.0;875.0;681.0;926.0;1227.0;822.0;827.0;;88;88;26;F;italiana;xxx;italia;laurea magistrale in corso;sì;xxx;725864
D;CG;105;gender57;g_masc;masc;ministro;no;602.0;902.0;738.0;794.0;1634.0;15.0;si;si;"I ministri partecipano alla riunione di gabinetto; tutti attendevano impazientemente dei dettagli sul piano economico.";602.0;902.0;738.0;1082.0;838.0;723.0;1200.0;794.0;1634.0;928.0;784.0;665.0;940.0;752.0;771.0;88;88;26;F;italiana;xxx;italia;laurea magistrale in corso;sì;xxx;725864
C;CG;90;gender42;g_fem;masc;minatore;no;1018.0;1532.0;3299.0;1189.0;1667.0;14.0;no;no;"Le minatrici lavorano in condizioni pericolose; tutte chiedono migliori condizioni di lavoro nella miniera.";1018.0;1532.0;3299.0;730.0;1735.0;988.0;1189.0;1667.0;1013.0;904.0;925.0;861.0;1441.0;796.0;;91;91;26;Maschio;Italia;xxx;Italiano ;Diploma;No;xxx;765734
C;CG;62;gender14;g_fem;fem;maestro;no;587.0;1389.0;1803.0;3007.0;2654.0;14.0;si;si;"Le maestre comprano dei quaderni a quadretti; tutte preparano il necessario per le lezioni.";587.0;1389.0;1803.0;1124.0;864.0;1014.0;989.0;3007.0;2654.0;695.0;1040.0;1349.0;922.0;1331.0;;91;91;26;Maschio;Italia;xxx;Italiano ;Diploma;No;xxx;765734
C;CG;95;gender47;g_masc;masc;macellaio;no;2950.0;1078.0;3073.0;1840.0;4856.0;13.0;si;si;"I macellai preparano tagli d' agnello fresco; tutti espongono i nuovi prezzi in vetrina.";2950.0;1078.0;3073.0;1438.0;2455.0;1243.0;1679.0;1840.0;4856.0;624.0;1229.0;970.0;1181.0;779.0;;91;91;26;Maschio;Italia;xxx;Italiano ;Diploma;No;xxx;765734
C;CG;67;gender19;g_masc;fem;dermatologo;no;626.0;1519.0;1672.0;1499.0;1351.0;13.0;si;si;"I parrucchieri acconciano i lunghi capelli della cliente; tutti utilizzano costosi prodotti biologici.";626.0;1519.0;1672.0;706.0;1616.0;1034.0;1464.0;877.0;1499.0;1351.0;2177.0;1197.0;2128.0;;;91;91;26;Maschio;Italia;xxx;Italiano ;Diploma;No;xxx;765734
C;CG;63;gender15;g_masc;fem;pedagogista;no;5418.0;1035.0;1288.0;1786.0;1211.0;13.0;no;no;"I portinai svolgono solertemente il loro lavoro; tutti puliscono con attenzione le scale.";5418.0;1035.0;1288.0;3000.0;706.0;1721.0;1536.0;1786.0;1211.0;916.0;970.0;660.0;742.0;;;91;91;26;Maschio;Italia;xxx;Italiano ;Diploma;No;xxx;765734
C;CG;106;gender58;g_fem;masc;ministro;si;1323.0;897.0;1485.0;1854.0;1096.0;15.0;si;si;"I ministri partecipano alla riunione di gabinetto; tutti attendevano impazientemente dei dettagli sul piano economico.";1323.0;897.0;1485.0;695.0;1183.0;1139.0;13567.0;1854.0;1096.0;2493.0;1689.0;1363.0;657.0;1257.0;931.0;91;91;26;Maschio;Italia;xxx;Italiano ;Diploma;No;xxx;765734
C;CG;83;gender35;g_masc;masc;ingegnere;no;726.0;979.0;4968.0;1346.0;2473.0;13.0;no;no;"Gli ingegneri predispongono il progetto del tunnel; tutti considerano la resistenza del terreno.";726.0;979.0;4968.0;709.0;775.0;1003.0;1872.0;1346.0;2473.0;722.0;943.0;896.0;899.0;;;91;91;26;Maschio;Italia;xxx;Italiano ;Diploma;No;xxx;765734
C;CG;51;gender3;g_masc;fem;astrologo;si;554.0;555.0;664.0;1431.0;794.0;14.0;si;si;"Gli astrologi analizzano le carte astrali; tutti formulano la loro predizione per l' anno futuro.";554.0;555.0;664.0;1039.0;1379.0;952.0;1431.0;794.0;769.0;894.0;1271.0;1002.0;1407.0;713.0;713.0;91;91;26;Maschio;Italia;xxx;Italiano ;Diploma;No;xxx;765734
C;CG;82;gender34;g_fem;masc;falegname;no;529.0;1835.0;900.0;701.0;842.0;13.0;si;si;"Le architette progettano strutture innovative per le aziende; tutte rispettano le norme ambientali.";529.0;1835.0;900.0;1275.0;990.0;729.0;767.0;912.0;701.0;842.0;659.0;763.0;1401.0;;;91;91;26;Maschio;Italia;xxx;Italiano ;Diploma;No;xxx;765734
C;CG;107;gender59;g_masc;masc;deputato;no;2284.0;865.0;781.0;1197.0;764.0;14.0;no;no;"I deputati presentano un nuovo decreto sui trasporti; tutti sperano in una approvazione unanime.";2284.0;865.0;781.0;1185.0;969.0;1302.0;1062.0;1247.0;1197.0;764.0;1757.0;685.0;947.0;984.0;;91;91;26;Maschio;Italia;xxx;Italiano ;Diploma;No;xxx;765734
C;CG;58;gender10;g_fem;fem;ostetrico;no;368.0;917.0;2179.0;916.0;1183.0;13.0;no;no;"Le ostetriche assistono molte partorienti in ospedale; tutte supportano le madri in travaglio.";368.0;917.0;2179.0;1192.0;3417.0;702.0;828.0;916.0;1183.0;654.0;513.0;775.0;983.0;;;91;91;26;Maschio;Italia;xxx;Italiano ;Diploma;No;xxx;765734
C;CG;63;gender15;g_masc;fem;pedagogista;no;662.0;846.0;2168.0;793.0;1401.0;13.0;no;no;"I portinai svolgono solertemente il loro lavoro; tutti puliscono con attenzione le scale.";662.0;846.0;2168.0;2073.0;830.0;751.0;871.0;793.0;1401.0;1033.0;1293.0;952.0;863.0;;;99;99;23;Uomo;Italia;xxx;Italiano;Laurea magistrale in corso;Si;xxx;547057
C;CG;106;gender58;g_fem;masc;ministro;no;555.0;936.0;1279.0;921.0;1777.0;15.0;si;si;"I ministri partecipano alla riunione di gabinetto; tutti attendevano impazientemente dei dettagli sul piano economico.";555.0;936.0;1279.0;616.0;904.0;534.0;1174.0;921.0;1777.0;1377.0;1461.0;832.0;619.0;785.0;750.0;99;99;23;Uomo;Italia;xxx;Italiano;Laurea magistrale in corso;Si;xxx;547057
C;CG;51;gender3;g_masc;fem;astrologo;no;667.0;892.0;1190.0;601.0;1253.0;14.0;si;si;"Gli astrologi analizzano le carte astrali; tutti formulano la loro predizione per l' anno futuro.";667.0;892.0;1190.0;810.0;816.0;1171.0;601.0;1253.0;554.0;1202.0;845.0;930.0;662.0;870.0;532.0;99;99;23;Uomo;Italia;xxx;Italiano;Laurea magistrale in corso;Si;xxx;547057
C;CG;58;gender10;g_fem;fem;ostetrico;no;527.0;1826.0;593.0;1219.0;1243.0;13.0;no;no;"Le ostetriche assistono molte partorienti in ospedale; tutte supportano le madri in travaglio.";527.0;1826.0;593.0;1355.0;1340.0;700.0;669.0;1219.0;1243.0;562.0;788.0;513.0;685.0;;;99;99;23;Uomo;Italia;xxx;Italiano;Laurea magistrale in corso;Si;xxx;547057
C;CG;90;gender42;g_fem;masc;minatore;no;596.0;2364.0;1001.0;1680.0;1128.0;14.0;no;no;"Le minatrici lavorano in condizioni pericolose; tutte chiedono migliori condizioni di lavoro nella miniera.";596.0;2364.0;1001.0;465.0;1119.0;887.0;1680.0;1128.0;755.0;796.0;454.0;458.0;751.0;514.0;;99;99;23;Uomo;Italia;xxx;Italiano;Laurea magistrale in corso;Si;xxx;547057
C;CG;83;gender35;g_masc;masc;ingegnere;no;844.0;856.0;820.0;1065.0;1843.0;13.0;no;no;"Gli ingegneri predispongono il progetto del tunnel; tutti considerano la resistenza del terreno.";844.0;856.0;820.0;662.0;817.0;789.0;960.0;1065.0;1843.0;578.0;1280.0;794.0;798.0;;;99;99;23;Uomo;Italia;xxx;Italiano;Laurea magistrale in corso;Si;xxx;547057
C;CG;107;gender59;g_masc;masc;deputato;no;511.0;917.0;855.0;631.0;943.0;14.0;no;no;"I deputati presentano un nuovo decreto sui trasporti; tutti sperano in una approvazione unanime.";511.0;917.0;855.0;702.0;919.0;752.0;1171.0;791.0;631.0;943.0;470.0;508.0;1108.0;1060.0;;99;99;23;Uomo;Italia;xxx;Italiano;Laurea magistrale in corso;Si;xxx;547057
C;CG;67;gender19;g_masc;fem;dermatologo;no;525.0;1190.0;1140.0;831.0;1019.0;13.0;si;si;"I parrucchieri acconciano i lunghi capelli della cliente; tutti utilizzano costosi prodotti biologici.";525.0;1190.0;1140.0;957.0;924.0;611.0;978.0;889.0;831.0;1019.0;1046.0;775.0;1104.0;;;99;99;23;Uomo;Italia;xxx;Italiano;Laurea magistrale in corso;Si;xxx;547057
C;CG;62;gender14;g_fem;fem;maestro;si;473.0;1234.0;833.0;1044.0;1682.0;14.0;si;si;"Le maestre comprano dei quaderni a quadretti; tutte preparano il necessario per le lezioni.";473.0;1234.0;833.0;785.0;944.0;814.0;1117.0;1044.0;1682.0;554.0;1600.0;998.0;568.0;1090.0;;99;99;23;Uomo;Italia;xxx;Italiano;Laurea magistrale in corso;Si;xxx;547057
C;CG;95;gender47;g_masc;masc;macellaio;no;1026.0;906.0;684.0;1137.0;896.0;13.0;si;si;"I macellai preparano tagli d' agnello fresco; tutti espongono i nuovi prezzi in vetrina.";1026.0;906.0;684.0;876.0;821.0;645.0;1084.0;1137.0;896.0;638.0;760.0;877.0;543.0;555.0;;99;99;23;Uomo;Italia;xxx;Italiano;Laurea magistrale in corso;Si;xxx;547057
C;CG;82;gender34;g_fem;masc;falegname;no;612.0;1740.0;784.0;896.0;1299.0;13.0;si;si;"Le architette progettano strutture innovative per le aziende; tutte rispettano le norme ambientali.";612.0;1740.0;784.0;778.0;872.0;690.0;591.0;576.0;896.0;1299.0;740.0;631.0;978.0;;;99;99;23;Uomo;Italia;xxx;Italiano;Laurea magistrale in corso;Si;xxx;547057
B;CG;77;gender29;g_masc;masc;camionista;no;837.0;1042.0;956.0;993.0;2117.0;15.0;si;si;"I giardinieri curano il parco pubblico; tutti potano gli alberi malati alla fine dell' inverno.";837.0;1042.0;956.0;1158.0;829.0;1379.0;993.0;2117.0;871.0;949.0;1023.0;1468.0;899.0;817.0;826.0;102;102;24;Maschile;Italiana;xxx;Italiano;Università;No;xxx;803089
B;CG;55;gender7;g_masc;fem;segretario;no;648.0;1028.0;1327.0;837.0;999.0;13.0;no;no;"I segretari ricevono la documentazione ufficiale; tutti raccolgono le firme in ogni dipartimento.";648.0;1028.0;1327.0;1050.0;967.0;924.0;837.0;999.0;639.0;906.0;897.0;935.0;863.0;;;102;102;24;Maschile;Italiana;xxx;Italiano;Università;No;xxx;803089
B;CG;92;gender44;g_fem;masc;marinaio;no;1057.0;1027.0;886.0;987.0;936.0;13.0;no;no;"Le marinaie ricevono le indicazioni dal porto; tutte manovrano con destrezza la nave.";1057.0;1027.0;886.0;1511.0;802.0;1730.0;705.0;987.0;936.0;1006.0;797.0;574.0;551.0;;;102;102;24;Maschile;Italiana;xxx;Italiano;Università;No;xxx;803089
B;CG;76;gender28;g_fem;fem;logopedista;no;1079.0;946.0;1119.0;1036.0;879.0;13.0;no;no;"Le ginecologhe visitano le pazienti con le infermiere; tutte controllano la crescita fetale.";1079.0;946.0;1119.0;922.0;1219.0;768.0;816.0;1229.0;1036.0;879.0;638.0;891.0;1463.0;;;102;102;24;Maschile;Italiana;xxx;Italiano;Università;No;xxx;803089
B;CG;80;gender32;g_fem;masc;fabbro;si;871.0;2281.0;3342.0;948.0;1185.0;14.0;no;no;"Le fabbre saldano la nuova rete metallica; tutte eseguono un lavoro di squadra eccellente.";871.0;2281.0;3342.0;1140.0;779.0;916.0;844.0;948.0;1185.0;754.0;934.0;1045.0;746.0;690.0;;102;102;24;Maschile;Italiana;xxx;Italiano;Università;No;xxx;803089
B;CG;86;gender38;g_fem;masc;pompiere;no;651.0;1707.0;952.0;702.0;864.0;14.0;si;si;"Le becchine preparano la salma per la sepoltura; tutte aspettano in un rigoroso silenzio.";651.0;1707.0;952.0;731.0;1000.0;798.0;564.0;763.0;702.0;864.0;1005.0;1130.0;1090.0;823.0;;102;102;24;Maschile;Italiana;xxx;Italiano;Università;No;xxx;803089
B;CG;53;gender5;g_masc;fem;bibliotecario;no;1221.0;783.0;900.0;653.0;767.0;14.0;si;si;"I bibliotecari organizzano alfabeticamente i nuovi libri; tutti eseguono il lavoro in modo rigoroso.";1221.0;783.0;900.0;1201.0;893.0;771.0;591.0;653.0;767.0;828.0;769.0;1013.0;897.0;695.0;;102;102;24;Maschile;Italiana;xxx;Italiano;Università;No;xxx;803089
B;CG;50;gender2;g_fem;fem;infermiere;no;629.0;729.0;865.0;757.0;682.0;14.0;si;si;"Le infermiere controllano i turni di guardia del giorno; tutte trovano degli errori madornali.";629.0;729.0;865.0;724.0;827.0;762.0;751.0;988.0;1369.0;757.0;682.0;775.0;586.0;955.0;;102;102;24;Maschile;Italiana;xxx;Italiano;Università;No;xxx;803089
B;CG;103;gender55;g_masc;masc;idraulico;si;680.0;692.0;1231.0;1119.0;845.0;13.0;si;si;"Gli idraulici riparano la principale tubatura rotta; tutti ripristinano l' acqua corrente nell' intero edificio.";680.0;692.0;1231.0;639.0;919.0;946.0;1331.0;1119.0;845.0;788.0;715.0;875.0;754.0;901.0;616.0;102;102;24;Maschile;Italiana;xxx;Italiano;Università;No;xxx;803089
B;CG;87;gender39;g_masc;masc;meccanico;si;644.0;1785.0;1010.0;818.0;961.0;13.0;no;no;"I meccanici riparano il motore dell' automobile; tutti offrono un servizio eccellente al cliente.";644.0;1785.0;1010.0;757.0;788.0;528.0;734.0;818.0;961.0;698.0;641.0;905.0;801.0;787.0;;102;102;24;Maschile;Italiana;xxx;Italiano;Università;No;xxx;803089
B;CG;60;gender12;g_fem;fem;psicologo;no;598.0;930.0;857.0;692.0;804.0;13.0;no;no;"Le psicologhe organizzano una seduta collettiva; tutte offrono consulenza gratuita negli ambulatori pubblici.";598.0;930.0;857.0;690.0;623.0;784.0;692.0;804.0;865.0;792.0;774.0;877.0;727.0;;;102;102;24;Maschile;Italiana;xxx;Italiano;Università;No;xxx;803089
C;CG;82;gender34;g_fem;masc;falegname;no;703.0;2304.0;2820.0;1120.0;1473.0;13.0;si;si;"Le architette progettano strutture innovative per le aziende; tutte rispettano le norme ambientali.";703.0;2304.0;2820.0;1476.0;1447.0;991.0;1181.0;1467.0;1120.0;1473.0;798.0;875.0;1193.0;;;103;103;19;M;Italia;xxx;Italiano;Laurea (in corso);No;xxx;1479891
C;CG;63;gender15;g_masc;fem;pedagogista;no;825.0;2399.0;1812.0;980.0;1627.0;13.0;no;no;"I portinai svolgono solertemente il loro lavoro; tutti puliscono con attenzione le scale.";825.0;2399.0;1812.0;3832.0;877.0;1314.0;1351.0;980.0;1627.0;1506.0;1021.0;2510.0;913.0;;;103;103;19;M;Italia;xxx;Italiano;Laurea (in corso);No;xxx;1479891
C;CG;67;gender19;g_masc;fem;dermatologo;no;669.0;1245.0;1918.0;1173.0;1714.0;13.0;si;si;"I parrucchieri acconciano i lunghi capelli della cliente; tutti utilizzano costosi prodotti biologici.";669.0;1245.0;1918.0;908.0;974.0;845.0;897.0;881.0;1173.0;1714.0;2025.0;855.0;1529.0;;;103;103;19;M;Italia;xxx;Italiano;Laurea (in corso);No;xxx;1479891
C;CG;107;gender59;g_masc;masc;deputato;no;623.0;830.0;1012.0;2035.0;1184.0;14.0;no;no;"I deputati presentano un nuovo decreto sui trasporti; tutti sperano in una approvazione unanime.";623.0;830.0;1012.0;846.0;675.0;780.0;987.0;817.0;2035.0;1184.0;1935.0;678.0;1518.0;1714.0;;103;103;19;M;Italia;xxx;Italiano;Laurea (in corso);No;xxx;1479891
C;CG;51;gender3;g_masc;fem;astrologo;no;676.0;1251.0;1518.0;952.0;993.0;14.0;si;si;"Gli astrologi analizzano le carte astrali; tutti formulano la loro predizione per l' anno futuro.";676.0;1251.0;1518.0;896.0;912.0;1190.0;952.0;993.0;1263.0;936.0;863.0;848.0;1136.0;850.0;854.0;103;103;19;M;Italia;xxx;Italiano;Laurea (in corso);No;xxx;1479891
C;CG;83;gender35;g_masc;masc;ingegnere;no;560.0;865.0;2476.0;784.0;2152.0;13.0;no;no;"Gli ingegneri predispongono il progetto del tunnel; tutti considerano la resistenza del terreno.";560.0;865.0;2476.0;769.0;1085.0;1031.0;941.0;784.0;2152.0;944.0;1385.0;758.0;1992.0;;;103;103;19;M;Italia;xxx;Italiano;Laurea (in corso);No;xxx;1479891
C;CG;90;gender42;g_fem;masc;minatore;no;433.0;1107.0;682.0;714.0;1214.0;14.0;no;no;"Le minatrici lavorano in condizioni pericolose; tutte chiedono migliori condizioni di lavoro nella miniera.";433.0;1107.0;682.0;531.0;670.0;688.0;714.0;1214.0;1794.0;907.0;735.0;688.0;1530.0;1074.0;;103;103;19;M;Italia;xxx;Italiano;Laurea (in corso);No;xxx;1479891
C;CG;106;gender58;g_fem;masc;ministro;no;779.0;4694.0;1046.0;844.0;2439.0;15.0;si;si;"I ministri partecipano alla riunione di gabinetto; tutti attendevano impazientemente dei dettagli sul piano economico.";779.0;4694.0;1046.0;719.0;752.0;992.0;1367.0;844.0;2439.0;1959.0;1942.0;1006.0;815.0;932.0;1479.0;103;103;19;M;Italia;xxx;Italiano;Laurea (in corso);No;xxx;1479891
C;CG;95;gender47;g_masc;masc;macellaio;no;703.0;1201.0;1015.0;864.0;1451.0;13.0;si;si;"I macellai preparano tagli d' agnello fresco; tutti espongono i nuovi prezzi in vetrina.";703.0;1201.0;1015.0;1208.0;984.0;920.0;999.0;864.0;1451.0;665.0;1011.0;830.0;834.0;960.0;;103;103;19;M;Italia;xxx;Italiano;Laurea (in corso);No;xxx;1479891
C;CG;62;gender14;g_fem;fem;maestro;no;419.0;1420.0;936.0;915.0;1408.0;14.0;si;si;"Le maestre comprano dei quaderni a quadretti; tutte preparano il necessario per le lezioni.";419.0;1420.0;936.0;1243.0;1075.0;1101.0;1074.0;915.0;1408.0;742.0;1017.0;559.0;891.0;606.0;;103;103;19;M;Italia;xxx;Italiano;Laurea (in corso);No;xxx;1479891
C;CG;58;gender10;g_fem;fem;ostetrico;no;545.0;1787.0;740.0;1328.0;2574.0;13.0;no;no;"Le ostetriche assistono molte partorienti in ospedale; tutte supportano le madri in travaglio.";545.0;1787.0;740.0;807.0;1535.0;716.0;863.0;1328.0;2574.0;595.0;963.0;627.0;1027.0;;;103;103;19;M;Italia;xxx;Italiano;Laurea (in corso);No;xxx;1479891
